Namn,Org NR
Carla AB,559277-3492
Utopia R&D Tech AB,556639-4010
Xbp Europe AB,556455-0373
Norstedts Juridik AB,556226-6097
Crayon AB,556635-9799
Informationsteknik Scandinavia Aktiebolag,556365-7039
It-Total Sweden AB,556840-2480
Amazon Corporate Services Sweden AB,559254-4232
Eficode AB,556686-2032
Meltwater Sweden AB,556637-9821
K.G.M. Datadistribution Aktiebolag,556217-2444
Nordcloud Hosting Sweden AB,556931-5863
Tech Mahindra Sweden AB,559063-4043
It-Huset i Norden AB,556545-5069
Multisoft AB,556596-4011
Formpipe Software AB,556668-6605
Signup Software AB,556570-9721
Tiktok Sweden AB,559270-8423
Sas Institute Aktiebolag,556274-7211
Webstep AB,556728-4848
Amazon Data Services Sweden AB,556833-3503
Betsson Technologies AB,556651-8261
Sinch Operator Software AB,556353-1333
Bragee Medect AB,556582-4322
Avoki Services AB,559058-8181
Detectify AB,556985-9084
Digpro Solutions AB,556510-8593
Nasdaq Exchange & Clearing Services AB,556788-5123
Conscia Sverige AB,556378-9568
Arrowhead Game Studios AB,556779-6544
Bouvet AB,556472-9282
Sentor Managed Security Services AB,556593-0269
Hyper Core AB,556951-0414
Oracle Global Services Sweden AB,559201-5795
Pearl Sverige AB,556858-0111
Accedo Broadband AB,556654-7864
Destiny For Service Providers AB,556890-1747
Broadridge Trading And Connectivity Solutions AB,556313-4583
Cleeven Sc AB,559134-5029
Thunderkick AB,556882-3842
Pinnacle Sweden AB,556839-6591
B3 Business Transformation AB,556638-7063
Knowit Insight Accelerate AB,559274-3487
Worldfavor AB,556754-8689
Aaro Systems Aktiebolag,556376-6798
Sana Labs AB,559060-6579
The North Alliance Connect AB,559126-1283
Verifone Sweden AB,556351-4347
Airmiz AB,559030-8663
Decerno Aktiebolag,556498-5025
Iron Mountain Sweden AB,556508-7946
GS1 Sweden AB,556667-6770
Innofactor AB,556676-3040
Konica Minolta Business Solutions Sweden AB,556435-4479
Asurgent AB,559062-5538
Daresay AB,556770-3573
Flower Infrastructure Technologies AB,559257-5558
Seenthis AB,556920-5452
Infosys Technologies (Sweden) AB,556779-1040
Retriever Sverige AB,556586-1571
Visionite Stockholm AB,559214-3068
Vizrt Sweden AB,556607-4760
Qestit Stockholm AB,556762-4605
Splunk Services Sweden AB,556941-7701
Readly AB,556921-1120
Vmware Sweden AB,556712-2188
Bits Data i SÃ¶dertÃ¤lje Aktiebolag,556121-2613
Softronic Aktiebolag,556249-0192
Dek Technologies Sweden AB,556712-3269
Kavalleriet AB,559315-3454
Volumental AB,556912-4141
Hive Streaming AB,556648-5396
Redpill Linpro Stockholm AB,559135-7008
Vermiculus Financial Technology AB,559214-2557
Bonnier Business Media Sweden AB,556468-8892
Hsb AffÃ¤rsstÃ¶d AB,556973-5870
Nordlo Evolve AB,556347-0540
Check Point Software Technologies ( Sweden ) AB,556575-7415
Mpya Digital AB,559118-6126
Nikib AB,556670-2873
Tavana It AB,556924-2976
Unicus Sverige AB,559072-9124
Compricer AB,556655-5727
It-Bemanning Sverige AB,556840-6028
Lemontree Enterprise Solutions AB,556641-0337
One Agency Sweden AB,556772-9545
Pdsvision AB,556552-4021
Sitoo AB,556629-6322
Grafana Labs AB,559011-5654
Liquid Swords AB,559275-6240
Pleo Technologies AB,559211-3244
Stryda AB,556734-5433
Arkivit AB,556854-0883
Gordon Services AB,559016-9750
Silverrail Technologies AB,556577-2984
Alster Digital AB,556611-0382
Cag DatastÃ¶d AB,556486-8023
Cegal Sverige AB,556692-4865
Magello Group Ab (Publ),556531-7129
Netgain AB,556652-9557
Picsmart AB,559057-7655
Atos It Solutions And Services AB,556803-2246
B3 Skilled AB,556864-0360
Bolt Services AB,559191-6993
Cparta Cyber Defense AB,559216-9311
ID North AB,556906-2903
Deloitte Mcs AB,559196-6105
Stravito AB,559114-6047
Upsales Nordic AB,556641-2507
B2B It-Partner AB,556593-0996
Retune AB,556834-7552
Softronic Premium Konsult AB,556612-1165
Videnca AB,556539-6081
Logitech Nordic AB,556598-6170
Skysparc AB,556617-8926
Xlent Business Integration AB,556543-9949
Exobe AB,556769-5605
Its Nordic AB,556584-7448
Noaignite AB,556725-5889
Primekey Solutions AB,556628-3064
Trapets AB,556586-4773
Climber AB,556721-1890
Iptor Sweden AB,556284-3812
Kiona Sweden AB,556734-6738
Stamford AB,556325-7913
Vaimo Sweden AB,556889-6830
Cint AB,556559-8769
Hailey Hr Group AB,559240-0682
Invise Agency AB,556814-7747
Naturalcycles Nordic AB,556952-7657
Pointsharp AB,556691-0633
Digital Interpretations Scandinavia AB,559032-5394
Human It-Support AB,556803-2287
LD No i AB,559215-7423
Nextory AB,556708-4149
Nixu AB,556608-8810
Open Text AB,556563-3111
Scila AB,556763-4695
Avaus Marketing Innovations AB,556581-8910
Contextvision AB,556377-8900
Dnv Sweden AB,556450-3836
Knowit Test Solutions AB,556779-8193
Solidify AB,556914-3380
Leadstar Media AB,556913-7622
Lifesum AB,556729-2841
Snfl Technologies AB,559240-1193
Swg Nordic Housing AB,556516-5247
Tendium AB,559169-6843
Avega Senso AB,556661-2213
Chief Rebel AB,559178-0068
Epm Data Aktiebolag,556486-1689
Joyweek Staffing AB,556989-5393
Nordicstation Aktiebolag,556583-0964
Savr AB,559084-1093
Warner Music Sweden Aktiebolag,556055-2605
Devcore AB,556583-1640
Jnpr Networks Sweden AB,556591-1418
Knowit Group Functions AB,559320-9272
Modul-System Sweden Aktiebolag,556374-5578
Booli Search Technologies AB,556733-0567
Cag Novus Consulting AB,556520-7676
Lnw Sweden AB,556539-2882
Puzzel AB,556579-4384
Zelly AB,556820-4605
Allevi Systems AB,556780-4157
Certezza AB,556536-1150
Diebold Nixdorf AB,556567-7787
Doctrin AB,559060-1877
Input Consulting Stockholm AB,556341-8671
Knowit Digital Management AB,559006-4571
Mestro AB,556679-4649
Omniarch AB,559168-0326
Shopify Sweden AB,556838-0082
The Mathworks AB,556655-3086
Agiremus AB,559015-9413
Antrop AB,556614-0975
Applicon AB,556511-4377
Biolit AB,556752-3518
Bizware AB,556755-6484
Cag Arete AB,556287-6770
Ecrucial Stockholm AB,559387-8969
Grade AB,556521-3120
Infometric Aktiebolag,556509-4660
Kase Technologies AB,556309-9984
Offerta Group AB,556743-5887
Podme AB,559113-6121
Axenon AB,556890-7157
Bombayworks AB,556720-9357
Datscha AB,556578-7503
Leica Geosystems Technology AB,556623-1295
Mod:G Service AB,556988-1781
Netapp Sweden AB,556610-3619
Quartr AB,559289-8125
Releye Aktiebolag,556592-9808
Xlent Norr AB,556904-9843
Active Solution Sverige AB,556557-3895
B3 Commit AB,556847-3283
Braathens Support AB,559153-9357
Business Vision Consulting Svenska Aktiebolag,556569-1002
Chas Consulting AB,559368-2577
Digitalist Open Tech AB,556654-0422
Formulate AB,556939-6129
Infosolutions Sverige AB,556747-5883
Nrg Nordic Retail Group AB,556608-5642
Qestit GÃ¶teborg AB,556981-5706
Schoolsoft AB,556587-6066
Xlent It Consulting AB,556878-2378
Yellow Elk AB,559136-4418
Akamai Technologies AB,556754-5214
All Ears AB,559075-2100
Aqilea AB,556907-8347
Elektrotrade Installation i Solna AB,556634-0005
Ocado Sweden AB,559194-8921
Random Forest AB,556880-2697
Real Time Services Technology Platforms AB,559359-4111
Skry AB,556843-0184
Westpay AB,556321-8105
Zacco Digital Trust Sweden AB,559070-2196
B3 Digital Worklife AB,559119-4153
Cag Contactor AB,556260-8819
Dreams Sustainable AB,559347-5535
Equinix (Sweden) AB,556572-6816
Learnifier AB,556701-2322
Sft Bredbandsgruppen AB,556715-3696
Triggerfish AB,556653-1124
Younium AB,559102-2875
Aktiebolaget SystemstÃ¶d Sverige,556122-0798
B3 Innovation AB,556815-6557
Chromaway AB,556972-8610
Equinix (Sweden) Enterprises AB,559072-1295
Ip-Solutions AB,556579-1992
K Two Technology Consulting AB,556343-5717
Sirocco AB,556755-5999
Aqc Sweden AB,556959-2065
Avega Sempai AB,556940-2687
Cadence Design Systems Aktiebolag,556371-7932
Generaxion AB,556849-5906
In-Grid AB,556940-2661
Knowit Solutions Datalytics AB,556568-9188
M&Irado Consulting AB,559014-9307
Pfc Technology AB,556851-3112
Red Bee Media Sweden AB,556579-2560
The Stellar Collective AB,559250-2990
Zington Digital Business AB,556976-7584
B3 Coderight AB,556938-7458
Condivo AB,559257-8388
Impact Crowd Technology Scandinavia AB,556721-3276
Medoma AB,559328-9738
Realtime Embedded AB,556589-6163
Uber Sweden AB,556911-8259
Vilja Solutions AB,556744-7056
Agap2 AB,559069-0250
Bmc Software AB,556207-5795
Cubist It AB,559167-6209
Hemmersbach Sweden AB,556876-2560
Intelliplan AB,556582-6848
Nolimit City Stockholm AB,556671-7202
Norteam AB,556371-8526
Pegasystems AB,559094-8385
Seriline Aktiebolag.,556389-8609
Aranya AB,556963-3737
B3 Healthtech AB,559299-5384
B3 Init AB,556492-1640
Centevo AB,556603-5944
Conoa AB,556813-8886
Curity AB,559017-0196
Deltaceros AB,559201-4467
Elastx AB,556906-5617
Frenda AB,559110-9078
Helicon Technologies AB,556703-2569
Omnipunktse AB,556774-0864
Optimizers Nordic AB,556937-3557
Prorenata AB,556827-5555
Reason Studios Aktiebolag,556546-2206
Waymark Solutions AB,556727-2512
56K Digital AB,559072-6989
Ascade AB,556544-8072
Awave AB,556727-6141
Cag Mer Business Consulting AB,556528-8510
Data Talks AB,556744-6736
Exalt Network AB,556873-0179
Ideabits AB,559041-1996
Jobylon AB,556810-6172
Opter AB,556611-2057
Opuscapita Solutions AB,559134-1705
Raw Fury AB,559002-5846
Real Time Services Aktiebolag,556516-5114
Toadman Interactive AB,559230-6483
Trustweaver AB,556613-6262
Apendo AB,556437-4840
Consultingit Stockholm AB,559081-0932
Grade Varbi AB,556871-9743
Greenely Ab (Publ),556960-9794
H.O.L.M. Security Sweden AB,559030-4217
Hejare AB,559048-2922
Liftlogic AB,556367-8217
Merkle Sweden AB,556807-5641
Mitigram AB,556962-9511
Sdnit AB,559008-9230
Sweef AB,556850-4681
Xlent GÃ¤vledala AB,556904-9793
B3 Healthcare Consulting AB,556815-6565
B3 Indes AB,559232-9386
Combient Mix AB,559180-8901
Cosmo Consult AB,556700-5599
Frontwalker Group AB,556511-6125
Garrison Consulting AB,559181-3703
Irori AB,559240-9998
Ltg Display Aktiebolag,556495-0029
Lumell Associates AB,556801-9003
Nordic Foresights AB,559232-2506
Proxify AB,559017-0733
Rebel And Bird AB,556872-3851
Software Point AB,556609-2184
Strongpoint E-Com AB,556646-5190
Valuation Europe AB,556662-7914
Varnish Software AB,556805-6203
Wise Group AB,556686-3576
Cegeka Applications AB,556472-5447
Fouredge AB,556726-8106
Gpsgate Aktiebolag,556603-8765
Integrity360 AB,556908-8320
Iopsys Software Solutions AB,559104-0786
Mum Consulting AB,556968-6610
Qte Development AB,559068-8718
Redpill Linpro Karlstad AB,559135-7016
Reinsight AB,556903-5669
Uni-Vent RÃ¶r AB,556665-6889
Xln Audio AB,556680-1444
Zington Quality Assurance AB,559174-6390
Abios Gaming AB,556926-0705
B3 Reach Consulting AB,556953-3721
Datacom Group Nordic AB,556369-7746
Futu Sweden AB,559014-2864
Gjensidige Business Services AB,559204-2617
Greater Than AB,556965-2885
Papirfly AB,556514-5959
Playground Tech Sweden AB,559141-5608
Redeploy AB,559005-5280
SV Logistik AB,556916-4006
Sylog Systems AB,559214-6319
Symbrio AB,556570-1488
Syncron Holding AB,559341-1845
Transformant Group AB,559091-4692
Validio AB,559192-3049
Winassist System Aktiebolag,556570-6073
Xlent Hudiksvall AB,556904-9868
Aderian Stockholm AB,556803-5298
Antigo Consulting AB,556974-3676
Avega Group AB,556601-1887
Basware AB,556598-0082
Bluebeam AB,556816-5426
Brivalo Consulting AB,556562-1074
Centra Technology AB,556768-1050
Cinode AB,556825-8668
Coffee Stain North AB,556950-9960
Digital Media Innovations Sweden AB,556803-4291
Dizparc Esatto AB,556935-5232
Dynabyte Aktiebolag,556524-5759
Epinova AB,559137-3369
Flightradar24 AB,556895-1213
Fusion Support AB,559229-3970
Hoist Group AB,556278-1566
Infra Tq Group AB,559328-6791
Inlumi AB,556501-3827
Medtryck Sverige AB,556799-4529
Planhat AB,556991-6421
Polarcape Consulting AB,556797-3085
Reco Sverige AB,556733-0971
Redbridge AB,556645-8617
Stretch Evolve i Stockholm AB,559152-5380
Subset Aktiebolag,556736-7163
Sugi Group AB,559009-0378
The Generation AB,556987-9983
White Lines Black Spaces AB,559217-4196
Ã„lta Golvservice AB,556499-0173
Aeris Communications AB,559415-8023
B3 Networks AB,559136-7577
Brightbid AB,559250-7957
Challengermode AB,556989-7498
Citrix Systems Sweden AB,556578-6430
Concentrix It Services Sweden AB,556786-2098
Cortopia AB,559156-7358
Cuebid AB,556496-8286
Derivco Sweden AB,556702-9011
Hacksaw Studios AB,559134-8890
Hermes Medical Solutions Aktiebolag,556069-4647
Kanstockholm AB,556752-3252
Key Man Aktiebolag,556527-0153
Konkret Digitalisering i Stockholm AB,556612-5752
Monto.Ai AB,559028-3601
Omicron Ceti Aktiebolag,556211-9627
Optimity AB,556799-3398
Prototyp Stockholm AB,556862-9140
Stretch Customer AB,559152-5364
B3 Vibe AB,556773-4008
Baemingo AB,559007-7920
Cag Senseus AB,556577-3073
Cegeka Data Solutions AB,556703-8574
Crm - Konsulterna i Sverige AB,556813-4992
Cuviva AB,559092-8429
Finity People AB,559011-1786
Gibon Stockholm AB,556585-5318
Litium AB,556562-1835
Online Partner AB,556566-5527
Osgab Aktiebolag,556295-6309
Perific Technologies AB,556728-4558
Saasure Sweden AB,559278-1628
Whispr Group Sverige AB,556700-6613
Xledger AB,556771-4877
Agero Innovation Aktiebolag,556595-7221
Akadeva AB,556725-6259
Aktiebolaget NyhetsbyrÃ¥n Direkt,556028-2948
Aptit & Attityd AB,556884-8336
B3 Grit AB,559386-1288
Bitlog Nordic AB,556815-4560
Business Engagement Group Sweden AB,559163-9561
Clara Financial Consulting AB,559127-0599
Contribit AB,556655-6501
Danads International AB,556938-4950
Datatrion AB,556639-2899
Easypark Innovation AB,559110-4939
Genexis Sweden AB,556435-0733
Gisys AB,556181-9532
Iwise AB,556685-9152
Kebne AB,559031-0024
Knowit Defence Technology AB,559006-4589
Norconsult Digital Aktiebolag,556597-3830
Palantir Technologies Sweden AB,556929-0801
Paxport Aktiebolag,556481-2310
Payer Financial Services AB,556736-8724
Rely It Norrtelje AB,556760-3203
Snowprint Studios AB,559009-3869
Softwareone AB,556852-9456
Systecon AB,556536-6605
Twinfinity AB,559382-4815
Ydesign AB,559024-2482
Zington Enterprise Development AB,556736-5993
Abrf Group AB,559002-8832
Alphadev AB,556985-3970
Avega Mtoni AB,559118-1812
Bldr AB,559255-0528
Cogdev Solutions AB,556764-8257
Columbia Road AB,559166-8412
Curitiba AB,556914-2259
Dbt Transport AB,556688-9076
Digital For All Sweden AB,556596-4888
Dinbox Sverige AB,556736-2602
Dynamant AB,556696-6601
Exopen Systems Aktiebolag,556047-7472
Gridheart AB,556779-9209
Howwe Technologies Ab (Publ),556655-7509
Lesslie Technologies AB,559172-0767
Lexher AB,556447-3394
Limetta AB,556610-6562
Mavenoid AB,559057-5170
PÃ… i Sverige AB,556277-6657
Silobreaker Aktiebolag,556594-4229
Tagsit AB,559042-5731
The Loop54 Group AB,556815-0451
Wind River Aktiebolag,556459-9339
Xlent Link AB,559180-7978
Zington Xperience AB,559087-0837
Adaca Authority AB,556724-8231
Avega Clarity AB,556854-3879
Axs Sweden AB,556680-5528
Checkproof AB,556975-9615
Compose It Nordic AB,556840-9840
Cpa Global (Patrafee) AB,556449-2436
Crediflow AB,559012-6131
Dugga AB,559006-5198
Elsa Science AB,559105-5479
Embeddedart AB,556779-8789
Enzure AB,556994-9372
Equa Simulation AB,556612-2411
Everysport Aktiebolag,556516-6021
Freja Eid Group AB,556587-4376
Hopsworks AB,559062-8987
Infozone Sverige AB,556718-1747
Iteration Aktiebolag,556523-7541
Knowit Secure Solutions AB,559404-6061
Made People AB,556873-1896
Mobile Arts AB,556609-4594
Nvrmind AB,559122-3432
Oxceed AB,559027-9120
Paytrim AB,559155-1329
Regent Solutions AB,559248-3886
Schibsted Smb AB,556711-6545
Amesto Solutions AB,556210-6681
Avega Catalyst AB,556756-1286
B3 Kodify AB,559232-9360
Camai Consulting AB,559395-4521
Centido AB,556592-2472
Cloud Nine AB,556872-5674
Echo State AB,556879-0843
Exertis Ztorm AB,556646-7568
Fastdev AB,556674-2085
Goyada Aktiebolag,556523-3904
Knowit Dataunit AB,556436-6259
Materna Information & Communications AB,556072-5771
Qadvis AB,556940-5045
Rehngruppen AB,556822-0080
Snyk Sweden AB,559056-9389
Superoffice Sweden AB,556432-1247
Teradata Sweden AB,556729-0134
The Cloud People AB,559015-9041
Avantime Group AB,556652-4376
Branschaktuellt Sverige AB,556856-4594
Centric It Solutions Sweden AB,556771-4349
Coligo AB,556903-9182
Delorean AB,556852-1495
Depictai AB,559224-1938
Elasticsearch AB,556922-2143
Expisoft AB,556743-0417
Flow Factory AB,556594-4971
Gigapay Sweden AB,559070-3616
Impact Commerce AB,556229-2341
Inceptive-Iceberry AB,556700-3776
Infoflex Data Aktiebolag,556251-0791
Kumpan Sweden AB,556788-0116
Milso AB,556701-3395
Nobel Prize Outreach AB,556667-5194
Probisma Consulting AB,559096-4788
Relevo AB,556741-1037
Scandinavian Luxury AB,556721-6170
Softhouse MÃ¤lardalen AB,556989-9874
Staylive AB,556937-1080
Symphony Communication Services Sweden AB,559113-2708
Techfactory AB,559100-2125
Techtrade International Aktiebolag,556158-4706
Zington Business Transformation AB,556993-2626
Acely AB,556907-9816
Acnr Cyber Technology AB,559164-4835
Appelberg Publishing Group AB,556511-7453
Blueberry Innovations Sweden AB,559252-1594
Bricobomba AB,559197-8167
Captario AB,556906-3943
Gleechi AB,556975-8658
Granditude AB,556919-8301
Knowit Karlstad AB,556515-8069
Kommandogroup AB,559152-9218
Micro Focus Sverige AB,559083-4353
Ncp No Common People Aktiebolag,556285-6392
Nordic Legal Entity Identifier AB,556708-1699
Nutanix Sweden AB,559167-9021
Onnec Sweden AB,556894-5553
Orkla It AB,556775-5565
Quickchannel AB,556528-6423
Regent Devotion AB,559332-6894
Roaring Group AB,559067-2613
Snow Software Nordic AB,556840-8123
Softronic Drift AB,556073-3338
Truesec Group AB,556690-8074
Tryggsam i Sverige AB,556920-4091
Utvecklarbolaget Stockholm AB,556950-3203
Verifiera AB,556926-3394
Xlent Cybernetics AB,559211-4028
Aptilo Networks AB,556609-4339
Comparo AB,556586-8550
Conapto AB,556545-3981
Csc Digital Brand Services Group AB,556651-7909
Demaai AB,559376-0118
Depona AB,556578-3007
Devcode Group AB,556751-5019
Emineo Aktiebolag,556680-9637
Etimo AB,556906-1657
First Derivatives Sweden AB,559297-4827
Fishbrain Ab (Publ),556796-5370
Hypnotic Machines Group AB,556844-3625
Infa Sweden AB,556793-1091
Isec Group Ab (Publ),556599-9249
Itancan Resourcing East AB,559218-7446
Modulai AB,559152-4029
Mondido Payments AB,556960-7129
Novator Solutions AB,556722-5551
OP5 AB,556582-9131
Plant An Idea AB,559112-6981
Purply AB,559136-2313
Q-Free Sverige AB,556739-7970
Redpill Linpro AB,556641-0576
Refinitiv Sweden AB,556493-1185
Simcorp Sverige AB,556572-6162
Software Ag Sweden AB,556591-2465
Swedq AB,559022-1916
Syncron Sweden AB,559341-1852
Techin Business Solutions AB,556899-2258
Technix It AB,559237-0711
Telness Technologies AB,559263-0700
Ubit AB,559193-2354
Violet Ai AB,559097-3011
X Ware Aktiebolag,556421-9532
Zington AB,556651-7131
360player AB,556880-6862
Afv Media AB,559037-7874
Amanzia Consulting AB,559171-5874
Arribatec Sverige AB,559043-9922
Bentley Systems Sweden Aktiebolag,556270-8445
Bizware Nova AB,559084-9245
Blockworks AB,556943-5364
Boardclic AB,559152-7063
Carestream Dental AB,556544-2539
Centuri AB,556558-6210
Din Lokala HjÃ¤lpreda i LidingÃ¶ AB,556981-1465
East Forest Technologies AB,559325-8618
Enea Software AB,556183-3012
Enwell AB,556938-4307
Epico AB,556846-4340
Flowscape AB,556866-9625
Flowscape Technology Ab (Publ),556725-4866
Infocaption AB,556620-7402
Infracom Trust-It AB,556538-4699
Iveo AB,556791-6811
Klarna Mas AB,556864-9478
Kyocera Document Solutions Nordic AB,556434-1260
Lekab Communication Systems AB,556340-7468
Lps Ehealth Software AB,559201-8856
Planacy AB,559002-4237
Prio Infocenter AB,556483-9032
Qbnk Company AB,556653-3070
Quandify AB,559134-5904
River Cresco AB,556560-9806
Stockholms Styr-Team AB,556566-1724
Sublime Consulting AB,556533-1153
Thatsup AB,556825-3206
Too Good To Go AB,559196-2781
Useit Consulting Sweden AB,559130-1329
Wisentic AB,556457-4696
Znipe Esports AB,559044-2389
5 Monkeys Agency Staff AB,556953-0768
Avega Scire AB,556855-6632
B3 Dbace AB,559082-2598
C2solutions AB,556597-2592
Carismar Software AB,556691-7422
Collegial AB,559147-1510
Crosser Technologies AB,559074-8975
Decuria Aktiebolag,556616-6624
Dorunner AB,556723-4603
Edgeguide AB,556585-1523
Ester Care AB,559317-9905
Futurniture Aktiebolag,556490-8621
Gelato Sweden AB,556927-6040
Mercell Ctm AB,556612-8160
Metrea Simulations AB,559221-7847
Middagsfrid AB,556752-4953
Mindgrape AB,556712-1982
Mnemonic AB,556638-5208
Mobile Interaction Stockholm AB,556794-7378
Online Media Sweden AB,556985-7765
Phonelife AB,556913-5386
Pihr - Performing Ideas Hr AB,556879-1262
Positionett AB,556266-7120
Qbox Stockholm AB,556821-4497
Refunder Scandinavia AB,556885-1884
SI Sto 01.1 AB,556930-2705
Sleip Ai AB,559234-1910
Snafu Records AB,559145-1868
Spring People AB,556831-2127
Subtonomy AB,556892-0523
Swedium Global Services AB,556980-4064
Sweves Advance AB,556920-7045
The Local Europe AB,556667-4023
Workmotion Sweden AB,559392-4078
Xlent Ã–st AB,556368-0585
Zwapgrid AB,559079-0100
Academic Media Group International AB,556797-3846
Acamp Tech AB,559249-2408
Adaptit AB,556682-8371
Adtollo AB,556476-6813
Atnorth AB,559147-1395
Axessibility Lab AB,556966-2728
Axiomatics AB,556708-1012
Bams AB,559179-3590
Bolageriet AB,559029-3881
Bybrick Elevate AB,559125-8271
Cag Security AB,556836-3427
Compliance Solutions Strategies Nordic AB,556862-8829
Construct It Sweden Aktiebolag,556520-3386
Cuebid VÃ¤st AB,559148-4968
Differ Technology AB,556999-1192
Digital Workforce Svenska AB,559074-3455
Genero Solutions AB,556612-5893
Heja Sports AB,559147-3177
Icw - Information Communication World AB,556636-9897
Indicate Me AB,556770-8051
Infracom Qos AB,556689-1338
Inuit AB,556576-3645
Irm Design Aktiebolag,556295-4494
JM7 Artificiell Intelligens AB,559150-2694
Kameo Investment Platform AB,559434-0456
Meitner AB,559228-5182
Moody's Analytics Sweden AB,556796-8473
Norbloc AB,559065-6152
Novatrox Consulting AB,556815-9486
Payair Technologies AB,556780-0585
Ping Pong AB,556620-0779
Redmind AB,556761-9811
Regent Quality AB,559197-1949
Rhyme Sthlm AB,556941-1118
Savantic AB,556573-6781
Sawubona It AB,559120-0992
Softone Applications Aktiebolag,556580-0140
Solidsport AB,556671-5586
Squeed Stockholm AB,556960-1205
Swedish Development Group 12 AB,559088-0422
T2 Data Aktiebolag,556387-1044
Ted & Gustaf AB,556801-2487
United Spaces Network Offices AB,556668-1069
Visma Real Estate AB,556623-0180
VÃ¤ddÃ¶ Media Information Is AB,556518-5682
Weahead AB,556677-0714
Wearecube AB,556925-4104
Web Guide Partner Scandinavia AB,556645-3519
Webbess Sverige AB,559210-6719
Xlent Syd AB,556972-7372
Xpeedio Support Solutions Aktiebolag,556164-6281
Zenon AB,556738-0224
Acrowd AB,559130-0594
Akelius Technology AB,556705-7756
Avega Effectus AB,556990-3536
Betsson AB,556090-4251
Blue Yonder Nordic AB,556443-7134
Brickstone It Consulting AB,559026-0195
Brink Commerce AB,559168-0425
Comintelli AB,556593-4907
Devcode Consulting AB,556729-0670
Digiexam Solutions Sweden AB,556869-1504
Efftre AB,556587-7866
Envoi AB,556984-5133
Exclusive Networks Sweden AB,556787-5512
High Performance Systems Svenska Aktiebolag,556344-0550
It Omsorg i Stockholm AB,556802-7022
J-Son Pedagogikcentrum AB,556612-6479
Logiq Sweden AB,556041-4657
Meepo AB,556860-5934
Mimer Information Technology AB,556231-8492
Min Pension i Sverige AB,556650-3495
Nextage AB,559065-7887
Nordic Bim Sweden AB,556552-9616
Nordic Capital AB,556961-5304
ON 1 Call Support Aktiebolag,556516-7839
Packetfront Software Solutions AB,556865-5236
Phenixid AB,556987-6310
Pigello AB,559206-6368
Qbrick Ab (Publ),556579-1380
Rejlers Defence & Security AB,556448-8079
Simovits Consulting AB,556763-8761
Singula AB,559321-3118
Smrt Europe AB,556934-3006
Trintech AB,556538-0267
View.Group It & Communication Sweden AB,556895-4860
Visualised AB,556905-9560
Waystream AB,556887-8762
Whitespace AB,556937-6477
Afzelius Informationsteknik AB,559136-6652
Aimfor AB,556936-6999
Altegra Consulting AB,556674-0840
Apphire Recruitment Agency AB,559420-6970
Arkido AB,559170-3342
Ascentic AB,559099-1443
Bizone AB,556630-5131
Canella It Products AB,556818-6927
Connectel AB,556755-6559
Coronation AB,556820-3581
Csod Sweden AB,556512-7650
Degea AB,556619-1986
Dekiru Solutions AB,559164-6459
Dreamlake AB,559154-3144
Eciceron AB,556926-8500
Eheart AB,559054-9829
Epiceros AB,559029-6231
Ericsson Software Technology AB,559094-8955
Fortifiedid AB,559369-8771
Iamip Sverige AB,556906-9346
Imaginecare AB,559081-8356
Imperva Sweden AB,556992-5414
Ingate Systems AB,556718-7819
Invidem AB,559210-0779
Iteam Solutions Aktiebolag,556551-6928
Kreditz AB,559148-2400
Lexicon Support AB,559054-5967
Livearena Technologies AB,559295-8481
NL Gaming Sweden AB,556614-2765
Netbin Sverige AB,556710-0267
Netjobs Group AB,556656-5502
Netonyx AB,559002-4880
Nordic Web Team Sweden AB,556843-0275
Northridge AB,556775-8387
One4all AB,559108-6193
Optise AB,556989-9932
Pocketmobile Communications Aktiebolag,556593-0798
Protech Nordic AB,556463-8459
Secureappbox AB,556846-0363
Sgnfc AB,559264-5922
Sii Sweden AB,559188-7954
Swimbird AB,559172-8075
Teneliusgruppen AB,559201-4129
Teneo Ai Emea AB,556256-4657
Tiny Experiment Aktiebolag,556866-9757
Today Mobility AB,559020-1827
Ungapped AB,556786-1264
Vaimo Group Services AB,556889-6848
Vainu Sweden AB,559025-5104
Versasec AB,556739-0124
VÃ¥rdbron Sverige AB,556890-9195
Wasder AB,559142-3545
West Code Solutions AB,556996-4827
Xlent Analytics Syd AB,559263-9818
Xlent Collaboration AB,559232-0500
Zebrain AB,559138-1271
AB Projit,556585-9294
Active It Sweden AB,556694-8237
Agical AB,556667-2597
Agreat Stockholm AB,559382-2041
Alex Therapeutics AB,559150-8642
Ankorstore AB,559313-3860
Antirio System AB,556583-2374
Aunetic Sweden AB,556898-2499
Avega Kite AB,556752-0951
Bcb Medical AB,556608-3019
Beatly AB,559003-8468
Better Collective Sweden AB,556992-1082
Chas Visual Management AB,556726-4758
Checkin.Com International AB,559352-2500
Contribute To Evolution It Consulting AB,556712-9696
Corzia AB,556966-1217
Driveloop AB,559283-8048
Entecon AB,556787-6601
Esportal AB,559135-5341
Everone AB,559299-7349
Evitec AB,559129-7972
Fibbl AB,559293-3583
Flaivy Nation AB,556989-5468
Frontwalker Stockholm AB,556551-4147
Haysquare AB,559201-2032
Homeq Technologies AB,559062-1925
Ibinder Sverige AB,556904-2574
Infotool Data Aktiebolag,556315-3625
JH Support AB,556260-8264
Kisel Stockholm AB,556546-4889
Lingio AB,559004-1538
Ltc Services AB,559082-9866
Mejsla AB,556718-7280
Metamatrix AB,556574-1351
Metodika AB,556427-6300
Missionpoint AB,559025-1764
Moralis Web3 Technology AB,559307-5988
MÃ¤klarsamfundet System i Sverige AB,556586-7941
Nemely AB,559069-6877
Netler Consulting AB,559208-7885
Ohlandergruppen AB,556938-3754
Open Payments Europe AB,556973-2737
Pyyne Digital Sweden AB,559351-4366
PÃ¥mind AB,559027-8478
Qvik AB,559192-0466
Run Communications AB,556646-0688
ST Airborne Systems AB,556584-5228
Signifikant Svenska AB,556657-7242
Sphinxly AB,556682-6482
Starbit AB,559171-2772
Stretch Procurement AB,559152-5398
System Integration Air Traffic Management AB,556212-8206
Tickstar AB,556721-2047
Universitetsservice Us Aktiebolag,556576-3611
Verano Ahead AB,556982-7016
Visigon Sweden AB,559185-9995
Visimind AB,556590-1559
Visionera Aktiebolag,556609-6672
Vklass Aktiebolag,556992-5992
54U It Consulting AB,556716-0063
Addhealth Media AB,556574-7770
Admincontrol Sweden AB,556924-3750
Adns House Of Service AB,559164-1534
Adtoox AB,556727-3569
Alcesys AB,556336-9825
Aptly Consulting Aktiebolag,556727-2504
Asedo Sverige AB,556933-7321
Avima AB,556523-5917
Bidbrain AB,556820-7426
Black Lizzy Group AB,559194-3344
Chessit AB,556705-4233
Cinqore AB,556985-9993
Collective Minds Radiology AB,559120-7187
Compileit Sweden AB,559058-9650
Crio Partner AB,559044-5333
Cubane Solutions AB,556970-3597
Datajob Sweden AB,556998-9501
Dedalus Sweden AB,559262-9629
Deploja AB,556932-8155
F Consulting i Sverige AB,556755-6617
Gateway Digital Sweden AB,556737-5505
Hansen Technologies Sweden AB,556830-3795
Hrz Nordic AB,559214-6384
Ihc Networks AB,556574-4249
Integrera Information Norden AB,556712-1321
Intito Sverige AB,556971-0980
Load System AB,556859-8592
Mad Milk Sushi AB,559358-3023
Metaforce AB,556638-0167
Mevisio AB,559099-2367
Monitum AB,559408-4385
Nagarro Software AB,556761-2923
Norla AB,556869-7550
Northern Parklife Aktiebolag,556522-8540
Osolo Consultant Group AB,556784-1365
Polygon Digital Solutions AB,559021-1271
Predictly AB,556985-6411
Qestit Systems AB,556796-9943
Redpill Linpro Cx AB,559146-2055
Rule Communication - Nordic AB,556740-1293
Setpace AB,559036-5457
Sightline Vision AB,556593-2315
Snowborn Games AB,559112-7807
Sourcecom Svenska Aktiebolag,556466-0990
Spktr Design AB,556763-0560
Stratipath AB,559214-6004
Strikersoft AB,556661-1637
Sudo Sweden AB,559270-9686
Tagetik Nordic AB,556922-5104
Testfreaks AB,556733-2522
Tidomat AB,556586-2207
Tribia AB,556657-7176
Vincit Sweden AB,559179-3244
Vyer Technologies AB,559089-5891
WE Are Yours Sthlm AB,556787-2717
WE Know It Sweden AB,556789-1709
West Art Communication AB,556665-9107
Xceed Technology AB,559248-8042
Zington Digital Design AB,559087-0761
Zisson AB,556522-7765
Zoundio AB,559237-6429
Addsystems International AB,556584-8115
Adoveo AB,556993-4713
Adtran Networks AB,556647-1685
Airfill Prepaid AB,559001-6035
Aliassmith AB,556667-2654
Amanat Enterprise AB,559214-0346
Aqc Hit AB,559295-2831
Articap AB,556641-4933
Astrid Education AB,559243-1364
Beyond Frames Entertainment Ab (Publ),559058-8322
Bonnier Capital AB,556707-0007
Camelonta AB,556669-3858
Caverion Internal Services AB,556975-9557
Clira AB,559293-4656
Complior AB,556608-2268
Consign Sverige Aktiebolag,556613-1370
Coody Io AB,559354-9313
Cpa Global (Ipendo Systems) AB,556713-2054
Cristie Electronics Nordic AB,556482-3333
Curoflow Technology AB,559123-3654
Dagens Ps Media AB,559170-6345
Darktrace Sweden AB,559397-1889
Datanet Konsult Stockholm Aktiebolag,556505-3328
Datareal AB,556448-6081
Datema Mobility AB,559289-0874
Dotkeeper AB,556942-2164
Dynamicsource AB,556775-5581
Elovade Sverige AB,556853-4050
Evroc AB,559398-0930
Exicom Software AB,556728-3584
Further AB,556667-6036
Giraff Data Konsult AB,556656-1618
GradÃ©n Mattsson Finans AB,559079-2049
Health Integrator AB,559119-1498
Houdini Group AB,556577-2000
House Of Education AB,556763-8951
Intalma - International Talent Management AB,559004-4680
International Consumer Services Sweden AB,556680-3572
Interop AB,556579-0986
Ipercept Technology AB,559208-4882
Itea P2b AB,559413-9155
Itsnillet AB,556672-0982
Kemtrak AB,556715-6079
Marlo Sting AB,556900-5803
Matchmeeting AB,556598-6634
Mindstreet Group AB,559262-1386
Mwm Insight AB,556368-0650
Nitor Sweden AB,559129-0035
Nordic Level Advisory AB,556943-9309
Nordic Transport & It Services AB,559179-7047
Panoptes Sweden AB,559199-4503
Phygrid Ab (Publ),556841-1333
Porobic Group AB,559116-2689
Prog-It AB,559058-6243
Qlosr Group Ab (Publ),556870-4653
Reactional Music Group AB,559052-8369
Rebtech AB,559298-0485
SP Ce Technologies AB,559258-5417
Safespring AB,559075-0245
Skovik AB,556774-5863
Slotmill AB,559195-2071
Sns Sweden AB,559385-3467
Stockholm Code Group AB,556732-0360
Svensk Driftpartner AB,559008-6699
Syson AB,556934-1851
TO Labs AB,559188-6733
TT2 Aktiebolag,556888-7615
Tarento AB,556762-8101
Taylerd AB,559173-0337
Tengai AB,559196-2377
Venor AB,559116-3695
Vergenta Operations AB,559251-5398
Vpd Financial Software Consulting AB,556289-1365
Weblab Group AB,559208-5855
Zignsec Ab (Publ),559016-5261
14 Islands AB,556873-2787
40 Minuter AB,556684-9583
Accenture Services AB,556259-9703
Acrelec Sweden AB,556979-9736
Amuze Interactive AB,556690-2275
Atlar AB,559376-9044
Avega Complius AB,559112-6429
Baffin Bay Networks AB,559035-6183
Beyond Tech AB,559325-3023
Binero AB,556575-2028
Bldr Digital AB,559364-1177
Buzzcloud AB,559155-2319
Chronos Care AB,559244-5422
Cleura Stockholm AB,556612-6255
Coherence Sweden AB,559201-0937
Confluent Sweden AB,559228-2395
Cypoint Inspire AB,559207-5849
D-Source AB,559299-4676
Demando Recruitment AB,559029-6686
Devbrains AB,559085-5473
Dorite AB,556971-1731
Dynamist AB,556984-7733
Enplore AB,556972-9261
Epicor Software Sweden AB,556081-6208
Essential Marketing Methods Nordic AB,556975-2768
Evolate AB,559150-6125
FÃ¶reningshuset Sedab Aktiebolag,556469-9303
G-W Studios AB,559190-3249
Graz Sweden AB,556600-4346
Helphero AB,556676-5425
Hexaware Technologies Nordic AB,559124-4065
Hygglo AB,559027-6662
Igomoon AB,556899-5681
Insightsoftware Sweden AB,556649-3267
Jeti Services AB,556927-5661
K A:Son Consulting AB,559173-8462
Konsultnet AB,559110-6710
Lolo Company AB,559218-3148
Med Universe AB,556771-1048
Mindmore AB,559120-7401
More Digital Studios Sweden AB,556634-0047
Multiply Teknik & It AB,556919-3500
Mymcs AB,556930-8280
Noll7noll Sverige AB,559035-4360
Nordiska VirkesbÃ¶rsen AB,559081-6756
Nordomatic Property Technologies AB,559167-7553
Ntt Data Business Solutions AB,556901-7782
Openpoint AB,559291-0094
Prospekta AB,556795-4788
Qrios Technology AB,559396-5733
Quantum Tunnelling Software Sweden AB,559071-3979
Rabble Communications AB,556807-2424
Rebnis Hotel Systems AB,556666-7811
Recommit AB,556808-3991
Saab Emerging Technologies Norrmalm Aktiebolag,559334-2180
Sellboss AB,556778-4573
Sitecore Sverige AB,556760-1132
Smartbear Sweden AB,556846-5024
Startdeliver AB,559150-8840
Sthlm Tech AB,559010-1167
Storesprint AB,559123-6657
Storsafe Sweden AB,556666-1046
Struktia AB,559127-9210
Suitecorner Solutions AB,559269-6263
Surfboard Payments AB,559214-0437
Suse Software Solutions Sweden AB,556418-7564
Svenska Telekompaniet Support AB,556567-8918
Sylog Jasper AB,559192-6760
Technigo AB,559051-8030
Tellustalk AB,556429-8213
Time People Group Ab (Publ),556586-1936
Tiptapp AB,559027-0376
Trust Anchor Group AB,559058-2002
United Eyes AB,556984-9481
Utvecklarbolaget Solutions Stockholm AB,559236-9150
Vendavo AB,556151-1600
Waroncancer AB,559119-1555
Xlent Integration & Services AB,559012-8798
Youwe Sweden AB,559013-8052
Zebware AB,556917-3940
Zington Architecture & Development AB,556542-5799
Ahum AB,559009-0410
Aktiebolaget Lyfta Skrot,556801-9185
Another Tomorrow AB,559023-7029
Aponsa Aktiebolag,556627-2513
Aranya Platform Services AB,559322-4214
Arena Workforce AB,556717-5970
Asolvi Sweden AB,556248-5630
Assistans Med Kvalitet i Sverige AB,556979-5528
Astrato Sweden AB,559156-4835
Atex Media Command AB,556339-8378
Athega AB,556547-6693
Automile AB,556775-5698
Avtech Sweden Ab (Publ),556568-3108
Azerion Sverige AB,556930-0543
Blue Lobster AB,556955-0394
Bogleboo AB,556685-2538
Bosbec AB,556663-2237
Cartina Tech AB,559236-0050
Causality Agency AB,556876-1257
Cellplan AB,556767-9146
Centurylink Communications Sweden AB,556624-1195
Chargepanel Ab (Publ),556963-3182
Claiton Ab (Publ),556696-7013
Cnv Dev AB,559225-0335
Compodium International Ab (Publ),556614-5826
Crossnet Aktiebolag,556504-4400
Crowdstrike Sweden AB,559196-5024
Cubeia Sweden AB,559009-6292
Data Respons Solutions AB,556583-8165
Dental It i Sverige AB,556759-2232
Deville It KonsultbyrÃ¥ AB,556987-5106
Differ Agency AB,559146-5926
Digip AB,559204-1551
Diploma Group Sverige AB,556900-2842
Dryft Technologies AB,559218-3551
Dsolution Ã–stergÃ¶tland AB,556551-2398
E37 System AB,556733-2837
Ericsson Sweden Dhaulagiri AB,559428-2765
Glitnor Sweden AB,559424-3767
Global Happiness Sweden AB,556579-7320
Globhe Drones AB,556994-0801
HH Global Nordics AB,556670-4739
Heads Svenska AB,556639-3871
Hpi Health Profile Institute AB,556714-5858
Hyperlab AB,556942-7957
Indpro AB,556681-2581
Infodata It Stockholm AB,556358-5958
Internet Vikings International AB,556545-8907
It Agenturen Sweden AB,559213-9199
Itancan Resourcing West AB,559400-1728
Kayenta Consulting AB,556893-8947
Kindly Sweden AB,559186-9291
Konsult 2000 AB,556645-0994
Kvadrat Stockholm AB,556319-6301
Leadfeeder AB,559217-1671
Limina AB,556982-5713
Liminity AB,559091-7851
Lolita StÃ¤d AB,559145-7485
Luminar Sweden AB,559359-8849
Madington AB,556794-5737
Manomotion AB,559017-1830
Maskot BildbyrÃ¥ AB,556642-3041
Metasolutions AB,556854-0701
Montel Sweden AB,556312-9138
Mrorange Travel Technology AB,556545-3668
Njuice AB,556801-9201
Nordforce Technology Aktiebolag,556452-3248
Nudge Labs AB,559308-7652
Nvila Group AB,559250-2016
Odyssey AB,559047-3160
Ombea AB,556844-9937
Peltarion AB,556627-0129
Playpilot AB,556946-8530
Pure Test AB,559168-0623
Qlocx AB,556881-4833
Red Globe AB,556934-6827
Sealfx AB,556969-9399
Sgj Electronic AB,556543-3082
Simway AB,556706-1915
Solute Technologies Aktiebolag,556565-9140
Sqarp Retail Information AB,559258-7991
Stemmer Imaging AB,556233-4176
StÃ¶k Media AB,556904-4869
Tanium Sweden AB,559125-8453
Tendfor AB,556770-1924
The Swedish Webshark AB,559160-6701
Third Act Tech AB,559071-2427
Trilogik Konsult AB,556522-8649
Univentor Aktiebolag,556343-0502
Vaerna Ot It AB,559058-6649
Wacab AB,559093-6505
Wedonthavetime Ab (Publ),559126-1994
Will & Skill AB,556893-5273
Xlent LuleÃ¥ AB,559195-8037
Zero8 AB,559283-2173
Zuora Sweden AB,559105-5776
1X Innovations AB,556810-7535
7minds AB,556803-8417
AB Leverache,559150-7115
Accolm AB,556741-3991
Accountor Finago AB,556942-4467
Adaptive Media AB,556848-2540
Addcit AB,556972-5426
Adverty Ab (Publ),559100-5250
Adwisit Stockholm AB,559017-9403
Antler Interactive AB,559062-0687
Appian Sweden AB,559152-8632
Arizon AB,559001-0020
Aryan Consulting AB,556976-9374
Astrid Dagny Alva Beat AB,559154-1064
Azets Software AB,559273-6937
BC Digital AB,559059-7240
Bitio Development AB,556901-9234
Bokabord Nordic AB,556777-6918
Brabyggare Sverige AB,556700-6670
Bravero AB,556960-5024
Brokerway AB,556705-4183
Bygg & Markservice i Sverige AB,556907-5244
Chaintraced AB,559208-1607
Citerus AB,556561-2040
Co. Society AB,559325-9012
Codemine Media AB,559143-3791
Consecuty AB,559324-3669
Copr AB,559010-9624
Ctrl Digital AB,559156-9610
Cypoint Infinity AB,559190-9543
Datastory Tech AB,556954-2870
Dbi Provider AB,556933-1662
Diabol AB,556684-1564
Done Sweden AB,559201-0390
Dtr1tech AB,559306-8686
Emblasoft Test & Measurement AB,556622-6659
Engboms Network Solution AB,556133-0670
Envo Sustainit AB,559256-1996
Eutopia Studios AB,559047-3210
Expleo Stockholm AB,559016-9149
Fidesmo AB,556926-0978
Finbits AB,559375-3923
Forefront Act AB,559417-9607
Freecode AB,559199-7332
Gemit Solutions AB,556574-8646
Glow Technology AB,559275-0326
Grand Compliance Global AB,559153-8946
Greeneggs AB,556922-2481
Idkollen i Sverige AB,559000-0948
Improvin AB,559381-1879
Infostat AB,559267-0326
Inkopio AB,556974-2108
Internalcars Europe AB,556779-3178
It-Stil AB,556763-4331
JohnÃ©r BildbyrÃ¥ AB,556579-6082
Keywordio 1 AB,559136-3956
Larmass Upplands-Bro AB,556782-1193
Lightweb AB,556897-3191
Lybe Sweden AB,556863-7689
Magello East AB,559372-7620
Medicheck AB,559049-7219
Nfdata AB,559390-5986
Nga Human Resources Sweden AB,556627-1770
Pacing Apps AB,559100-1861
Pcnet Norden AB,556805-3606
Pixel Space AB,556941-4377
Planta AB,559079-6891
Presskontakterna Scandinavia AB,556691-2902
Pricerunner Sweden AB,556586-1415
Prozena Consulting AB,556801-1331
RO & Bo Scandinavia AB,556991-5605
Raceid AB,559058-5989
Recommended By AB,559089-4043
Refine Group Ab (Publ),559026-0963
SO Ja Film AB,556818-1472
ScytÃ¡les AB,556999-7769
Senior Life AB,556837-7625
Sequitor Engineering AB,559190-3652
Shardsecure AB,559231-7365
Simple Sign International AB,556947-8273
Smartson Consumer Services AB,556580-0157
Smsgrupp i Stockholm AB,556806-1393
Stock Republic AB,559175-4998
Stretch Amplify AB,559416-2868
StrÃ¶m2 - Consultant Group AB,556641-8512
Sventertainment AB,559155-8464
This Is Deploy AB,559118-9567
Timewave AB,556916-0665
Tmresponsibility Nordic AB,559351-2436
Touchless Consulting Group AB,556969-4226
Trnpk Sweden AB,559069-4369
Truid AB,559299-7216
Tsc The Service Corporation AB,556855-5105
Urb-It Ab (Publ),556959-9755
Veratech AB,556508-3028
Verismo Systems AB,556574-4207
Vionlabs AB,556804-5420
Vizzit International AB,556691-3116
Xlent VÃ¤st AB,559091-0104
Yacc AB,559227-0762
Advantops AB,559032-3761
Aktiebolaget Svensk AffÃ¤rsinformation,556090-9391
Albacross Nordic AB,556942-7338
Atom8 AB,559163-9934
B3 Cloud Services AB,559125-6440
Bellpal AB,559079-6958
Bemalong AB,559260-6718
Biila Solutions AB,559199-6425
Block Zero AB,559023-9645
Breed Ventures AB,559218-9103
Brightland AB,559291-5861
BrÃ¶dernas Kungsholmen AB,559077-1407
Camjo AB,559351-8284
Cargoit i Skandinavien AB,556579-3352
Cartina Ux AB,559397-0808
Caterbee AB,559144-7965
Caziti Stockholm AB,559150-6265
Cliqer AB,559187-7120
Commvault Systems AB,556732-3711
Corechange Tech Sto AB,559393-8433
Corechange Tech Syd AB,559421-7829
Cuelebre AB,559206-3191
Cypoint Incode AB,556928-8821
D-Link Aktiebolag,556408-9265
Dagg Ai AB,556972-2134
Data-Driven Video Nordics AB,559320-0859
Datema Retail Solutions Aktiebolag,556849-0543
Develit AB,559114-3796
Effekt Spu Aktiebolag,556546-0853
Envise Tech AB,559147-3151
Estate Logs AB,556803-9738
Everteam AB,556682-2572
Facility Labs AB,556812-4738
Farmo Technologies AB,559163-6237
Fever Energy AB,559397-9650
Flowplayer AB,556997-6789
GH Solutions AB,559116-8751
Gardeco AffÃ¤rssystem AB,556426-0882
Gastrogate AB,556577-6720
Her Company AB,559318-6199
Hvnt Entertainment AB,559013-7047
Indicio Technologies AB,559007-9199
Inly Technology AB,559255-1336
Inventyou AB,559116-6243
Irm Information Architecture AB,559085-2793
It Consulting Network Nordic AB,556821-3903
Itchy AB,559209-3164
Jtc Linked AB,559380-4320
Keyflow Aktiebolag,556757-2655
Knowit Solutions Stockholm AB,556911-6717
Kobler AB,559265-8800
Kvadrat Holding AB,556728-3097
LM Layer & Mesh AB,556703-4672
Learning Pro Point AB,556792-1126
Leasify AB,556957-5375
Lexplore AB,559069-1811
Limeloop AB,556971-4578
Macpatric AB,556843-1299
Mathleaks AB,556899-6994
Meebuz Liners AB,559370-9685
Middlecon AB,556798-8083
Mine Storage International AB,559266-0186
Morpheus Tribe AB,559199-2481
Nadalex AB,559026-0609
Netsecurity Nordic AB,556621-8235
Newcad AB,556403-2042
Newsec Property Leasing AB,559008-4900
Nomentia AB,556616-4983
Nordic Level Access Solutions AB,556512-0408
Nuport Sverige AB,556732-0329
Omniq AB,559030-4456
Orcana AB,556735-9558
Oxyfi AB,556704-8060
Playpark AB,559161-0935
Playreplay AB,559199-3554
Pushappy AB,559063-1718
Qimtek AB,556733-1011
Rearive AB,559244-3500
Ridesum AB,559146-4192
Saven Aktiebolag,556477-9915
Sesamy AB,559241-5227
Sprinto Sweden AB,559014-1114
Struqtur AB,556907-9477
Sunstone Systems Aktiebolag,556504-0408
Sustainlab Sweden AB,559260-7583
Svensk AdressÃ¤ndring Aktiebolag,556476-3562
Symplify Conversion AB,556804-5826
Syncit AB,559230-1443
Synkzone AB,556760-3583
SÃ¤kerhetskontoret i Sverige AB,556959-1125
Talking Design AB,559165-5492
Termino C 11556 AB,556717-2407
Thomson Reuters Holdings AB,556663-7921
Trustnet AB,556937-1882
TÃ½r Cyber Defense AB,559342-6306
Ventla AB,556831-9783
Vitec Bidtheatre AB,556911-1999
Walker Labs AB,559392-5489
Westernacher Consulting AB,559170-8853
Westro AB,559166-8073
Zington Relations AB,559106-2756
Advisor Softit Sk AB,556559-3554
Agronod AB,559270-6245
Aiven Sweden AB,559365-4451
Alstra AB,556561-3741
Asteria AB,556990-0888
Avioniq Awareness Sweden AB,559029-6678
BE My Compensation Management AB,556963-9262
BT Ai Sweden AB,559283-7016
Binovi AB,559051-8238
Bumbee Labs AB,556845-1198
Bumbipower AB,559173-8710
Burdy Solutions AB,559154-9224
Capline Stockholm AB,556657-9842
Codiax Sweden AB,556986-0025
Codon Consulting AB,559210-3666
Compentus AB,556843-4129
Corechange Bi AB,559396-2532
Dashy Studios AB,559393-6346
Delegia AB,556632-2367
Digital Dominance AB,556931-0872
Ditrinity Technologies AB,559281-0989
Doohclick AB,556804-3912
Ecotype AB,559256-3513
Edai Technologies AB,559209-0871
Ellmount Interactive AB,556704-8342
Emvico AB,556976-5661
Engulf AB,559185-4905
Entera Aktiebolag,556699-2292
Fab Support Aktiebolag,556509-2896
Feedbackfrog AB,559136-0499
Flightmate AB,556694-7247
Flybridge Aero Maintenance AB,559089-8879
Flyttella AB,559301-7105
Football Analytics Sweden AB,559072-4067
Fxity AB,559243-4210
Gaddr AB,559051-8121
Global Puls AB,556903-4951
Global Reporting Sweden AB,556533-8646
Hallandia V AB,559167-0046
Hellsten Kommunikation AB,556952-8341
Hemsol Group AB,559196-6675
HumlegÃ¥rden Service AB,556711-4680
Infobip Sweden AB,559053-5281
Insat Consulting AB,556977-9472
Inspera AB,559139-5594
Insyn Scandinavia AB,556620-2528
Jahopp AB,556975-0515
Kanari AB,559006-4761
Kaskelot Consulting AB,556706-7052
Krigslida MaskintjÃ¤nst AB,556909-4930
Leia Health AB,559311-0520
Lexplore Nordic AB,559091-9212
Livearena Sports AB,559163-0750
Loihde Advisory AB,556996-1625
Lootlocker AB,559164-9289
Maia Universe AB,559249-3711
Masterexchange AB,559360-7681
Mayam AB,556764-8430
Mobilexpense Nordics AB,556977-0836
Mockingbird Publishing Software AB,559222-7333
Movesta AB,559203-1917
Mowic AB,556560-6893
Newsmachine AB,556630-5982
Nobu Services AB,556798-2318
Obenetwork AB,556898-6763
Olivier Jullian Consultant AB,559153-8805
Omb Services AB,556703-1082
Orderhero AB,559063-5396
Ordo One AB,559364-3652
Oxys AB,556850-0374
P & m Bodin Automation och Service Aktiebolag,556455-1462
Paragaia Consulting Group AB,559250-1893
Pedago Sweden AB,559383-5555
Pija Media & Management AB,556460-3537
Plisec AB,559161-4275
Polopoly AB,556583-9296
Pow Localisation AB,556964-2837
Princip AB,556952-0835
Qestit MalmÃ¶ AB,556899-4809
Quality It Solutions Stockholm AB,556789-8464
Regent AB,556971-2499
Rehabteamet Incs AB,559042-4437
Replior AB,556634-1029
Reqtest AB,556780-0601
Revolutmedia AB,559324-9898
S5 Consulting AB,559346-4869
Sanwig Solutions Aktiebolag,556638-3021
Sapoto AB,559159-0525
Scilla Studio AB,559275-9145
Sign On AB,556706-2277
Silverhuset E.V. Holding Aktiebolag,556486-3172
Sixfours Business Consulting AB,559008-7358
Skillbreak AB,559108-4305
Speqta Sverige AB,556800-5804
Stefanini Sweden AB,556622-7640
Svenska Driftgruppen AB,556669-7420
Theodora Tech AB,559274-9781
Toolbuilders Sweden AB,559134-4709
Tytec AB,556892-1034
Ventil Digital Kommunikation AB,556532-0354
Vikingcloud (Sweden) AB,559396-6343
Ways Sweden AB,556698-5460
Wedsly AB,559120-7112
Wiseone Aktiebolag,556570-4441
Xlent JÃ¶nkÃ¶ping AB,559211-4531
Xpd Sverige AB,556596-2494
Yns AB,556917-5689
Zinnovate International AB,556939-7879
29K International AB,559095-7949
AB Itsquad,556605-1123
Added Digital Scandinavia AB,556946-3218
Adventrum AB,556420-9632
Aktavara AB,556623-5262
AktiebolagstjÃ¤nst Leif Malmborg AB,556239-0913
Ankra AB,559318-5993
Atmoz AB,559345-4001
Avanza Bank Holding AB,556274-8458
Azeo Sweden AB,559254-5148
Azerion Sweden Sb AB,556782-9261
Bitfront AB,559155-7912
CG Communication AB,559415-0426
Cae Flight Services Sweden AB,556275-9604
Caironite AB,556793-4640
Climate Hero AB,556815-2754
Cloudera Sweden AB,559007-1139
Cloudmore AB,556668-8544
Cma Small Systems Aktiebolag,556237-9247
Code Labs AB,559064-2442
Codezyme AB,559171-0438
Comcura Placeringsservice AB,556800-0003
Comparico AB,556851-2312
Complete Solutions International AB,559367-3790
Confetti Technology AB,556964-6465
Custellence Enterprise AB,559040-0155
Cyber Design Nordics AB,556954-8992
Debugger Partner AB,556643-0566
Dentech AB,559239-4927
Desknet Datateknik Aktiebolag,556489-3492
Deviera AB,559199-0279
Digital Portfolio Control ( Dpc ) AB,556520-1034
Digitala Kassan i Sverige AB,559176-2108
Dispono AB,559112-2030
Dize Analytics AB,556763-5890
Dozer It & Kommunikation Aktiebolag,556574-5378
Driven By Data Sweden AB,559222-1526
Egreement AB,556700-4394
Emq Sweden AB,559280-7779
Esgaia AB,559270-7193
Esynergetics AB,559151-1554
Euvic AB,559114-8936
F-Secure AB,559378-2021
FS System AB,556688-0299
Fastighetsloggen Propify AB,559217-1721
Flex Applications Stockholm AB,556241-9357
Formpipe Intelligo AB,556411-3479
Fortimus AB,559231-5740
Fragbite AB,556721-9489
Fundrella AB,559197-9736
Future Inventions Stockholm AB,556593-7843
Geras Solutions AB,559025-3828
Gignos AB,556550-3835
Goli AB,556871-4512
Grasp Research AB,559260-0992
High Performance Solutions Svenska AB,556747-3631
Hlpy AB,559282-9823
Humandata Inventus AB,556608-4637
IC Sverige AB,559220-6030
IS Tools AB,556648-8374
Idit Software Solutions (Sweden) AB,559242-0425
Idss Information Delivery Systems Sweden AB,556711-5711
Igt Sweden AB,556607-0321
Influeri AB,559333-4740
Infoweaver Consulting AB,556571-8425
Integrera Bluegrass AB,559216-5889
It - Relation Ects AB,556644-4773
Ivalua Sweden AB,559189-1832
Jobcast AB,559205-4901
Kaol AB,556870-3689
Klash AB,556829-7245
Klinike AB,559047-5801
Knowit Insight Group AB,556806-0460
Kps Sweden AB,559239-5676
Kreng AB,559101-5911
Kylg AB,556991-0911
Lanetalk AB,556840-1656
Lanpoint Svenska Aktiebolag,556329-7430
Linserv Consulting AB,556423-5868
M.M.S.H Transport AB,559101-3981
Matspar i Sverige AB,559007-6351
Max21 AB,559286-0786
Maximum Entertainment AB,556778-7691
Meriq AB,556627-3917
Metricio AB,559118-3750
Mostphotos AB,556725-9956
Neoleaf AB,559133-0161
Nerom Ã–-Vik AB,556792-8691
Netkeep AB,559247-3630
Nextml AB,559090-3802
Nordic Financial Components AB,559116-8272
Nordic Level Group AB,556291-7442
NÃ¤ktergal AB,559040-6483
Obiq AB,556614-4340
Oerjan Lundgren Consulting AB,556801-9805
Omnitor AB,556558-4413
Oneki AB,556777-7098
Optema AB,556657-0171
Optiqueue Nordics AB,559286-3251
Owision AB,559171-4711
P Studios AB,556845-5041
Pax2pay AB,559441-3725
Peter Kullgren Informationsutveckling Aktiebolag,556486-4832
Pinpointest AB,556846-4977
Planax AB,556894-9977
Plexigrid AB,559262-0990
Portfoliobox Stockholm AB,556894-4382
Public Cloud Group AB,559273-7547
Q-Channel AB,556544-4584
Qrendo AB,559056-6880
Qruxel AB,556727-3148
Ragnar Bt International AB,559316-1077
Rational Management Technologies Nordic AB,556215-0473
Relesys AB,559223-1624
S.E.O Partner Sverige AB,559020-5133
Sandberg & Timonen AB,556707-0668
Sandskogen Ai Aktiebolag,559145-2494
Sensera AB,556975-5068
Serviceform Sweden AB,559363-5559
Seyc Sweden AB,556478-5532
Sharpfin AB,556927-9309
Silo Ai Sweden AB,559272-9916
Smartinfo Sweden AB,556609-4008
Spacenode AB,559308-9930
Sparta Global Technology Services AB,559330-6367
Steep Analytics AB,559329-9067
Supersports International AB,556938-6971
Svarking AB,556921-7424
Svensk InkÃ¶psservice Aktiebolag,556199-9037
Svenska Infobyte AB,556663-7707
Svenska Rehaboteket AB,556882-3297
Syndata AB,559241-3867
TW Consulting i Solna Aktiebolag,556711-6685
Taxiteknik Nordic AB,559213-9561
Techstack Global AB,559193-6108
Ten10 AB,559261-0322
Tendmill AB,559275-2355
Tentatech AB,559112-8839
Thinkdata AB,559359-1364
Timma Sverige AB,559295-6113
Total Software Solutions i Norden AB,556904-4653
Transiro Holding AB,559048-9620
Trebyggare i VÃ¤sby AB,556873-9022
Truckbeat AB,559257-7547
Twebcast AB,556819-2917
Twps Nixus Aktiebolag,556627-9757
TÃ¶lve AB,559049-8993
Unbox Ai AB,559287-9885
United Enterprise Sweden AB,556880-9171
V2E Nordics AB,556698-1352
Valderas Consulting AB,556618-3199
Variant Stockholm AB,559434-7261
Vina AB,556839-1386
Vinguiden Nordic AB,556568-4759
Virtune Ab (Publ),559175-2067
Visdom Technologies Nordics AB,559222-2748
Vloxq International AB,559265-7133
Wecode AB,556748-3861
Wendros AB,556604-6909
West Media Systems AB,556645-7015
Westerling & Holm Consulting AB,556767-8080
Wetail AB,559124-3588
Win & Lin Technology AB,559151-8302
Wrlds Technologies AB,559146-7518
Xlent Ã–stersund Ã…re AB,559398-3892
Zapote Consulting AB,556856-7316
Zetiq AB,556780-9230
19plus AB,556983-2750
3D Interactive Sthlm AB,556820-2526
4light AB,556973-2836
4real AB,556611-9896
8027 Consulting Group i Stockholm AB,556601-1135
A New Zebra Riot AB,559363-7316
Acer Sweden AB,556531-8606
Acumant AB,559323-3991
Adaptiv Sthlm AB,556775-6407
Adcredo AB,559263-2391
Adocka AB,556684-1721
Adwisit AB,556971-9254
Afonso Digital AB,556762-1106
Ahlberg Data AB,556701-1308
Aid-It Sweden AB,556758-5335
All Out AB,559018-9535
Alterview Consulting AB,556973-4154
Alteryx Sweden AB,559327-2700
Altostruct AB,559244-1561
Amplius Field Service Group AB,559129-7139
Ampstek Sweden AB,559352-6402
Anokha AB,556688-0042
Arodis AB,559185-4749
Aura Cloud AB,559197-8746
Auxality AB,559031-4075
Avaya Sweden Aktiebolag,556589-4093
Avezio AB,559072-2483
Avista Time i Norden AB,556965-7710
Barkas Sweden AB,559058-1251
Beetroot AB,556812-8853
Bergman & Beving Aktiebolag,556034-8590
Betting Promotion Technologies (Bpt) AB,556666-0584
Board Scandinavian AB,559179-2774
Botello AB,559212-0850
Bovra Technologies AB,559299-7299
Brainville AB,556893-4680
Breefa AB,559378-7616
Brightanalytics Nordics AB,559239-3218
Buddywise AB,559254-9777
Bulbul AB,559300-2545
Bybrick Axakon AB,559016-6095
Bybrick Tech AB,559437-2103
Byon8 AB,559027-2430
Capelon AB,556515-6600
Capply AB,559357-0228
Capswe AB,559400-3559
Carmine Studios AB,559148-8225
Celeris AB,556719-7164
Centiglobe Technologies AB,556995-4463
Centus Consulting AB,556607-2079
Chambersign Sverige AB,559037-9029
Charpstar AB,559094-7395
Cityflow Technologies AB,559201-9011
Cloudwiser AB,559106-2616
Codeunit Solutions International AB,559108-6508
Cone Digital AB,559054-3210
Conversy AB,559277-4490
Costobocus AB,556994-4175
Coursio AB,556751-3212
Crossplatform Sweden AB,559118-8288
Cuebid Cloud Services AB,559355-1855
Cultor Team AB,556726-7371
Customized Innovations i Sverige AB,559122-5676
Cygrids Communications AB,556552-0540
Cykla Ã„r Lycka AB,559031-9447
Datakraft-It i Sverige AB,559114-5643
Datema Aktiebolag,556175-8482
Designit Sweden AB,556732-6870
Devcode Consulting 2 AB,559383-0663
Devise Stockholm AB,559028-6968
Digital New Agency Group AB,559030-1676
Dimah Group AB,556869-8004
Doit Multi-Cloud Sverige International AB,559300-7197
Donor4life AB,559199-6409
Driftify AB,559349-0831
Dynalab AB,556590-7010
Ebuilder Sweden AB,556595-2933
Ecom Solutions Europe AB,559318-0481
Ecomid AB,559428-6188
Econzulting Nordic AB,559239-4158
Efecte AB,556688-5553
Ekonomibolaget Notima AB,556745-6941
Ekzel AB,559116-1608
Embark Group Ab (Publ),559214-3316
Embeddedart Group AB,556849-1368
Enad Global 7 Ab (Publ),556923-2837
Enive AB,559338-1618
Epplus Software AB,559205-1980
Excedo Networks AB,556787-9944
Exceed Transport AB,559293-7220
Expeditious AB,559437-9553
Expektra AB,556818-0292
FalkÃ¶ga Tech Hub AB,559230-3456
Famous Last Words AB,559215-2200
Fastly Sweden AB,559183-4014
Filimundus AB,556813-9447
Fisk & Co Bi Crm AB,559189-3317
Flowtropolis AB,559123-5956
Freja Eid Sweden AB,559110-4806
Frends Professionals Services Sweden AB,559160-9093
Ftx Gruppen Sverige AB,556887-9687
Gds Productions AB,559101-6299
Geistt AB,556921-6897
Genera Networks AB,556676-1812
General Assurance & Support Solutions Sweden AB,556781-3315
Geofy AB,559435-0737
Giddir AB,559077-9251
Global Esports Education AB,556936-2907
Global Times Group AB,556600-9519
Great Graphics M. Dixon AB,559156-3480
Growhouse AB,559232-9592
H O S Sverige AB,559118-4618
Hackyard People AB,559061-2866
His Heminredning Sverige AB,556916-6431
Hot Help AB,559364-6333
Human It-Consulting Stockholm AB,556826-5440
Imitera AB,559176-3718
Inadra AB,559203-5975
Independent Tech Sweden AB,559326-7684
Infobase Sverige AB,556643-9252
Ingeborn Data AB,556937-1841
Innovationwow AB,559266-3511
Instructure Sweden AB,559000-6093
Intelite Consulting AB,556846-0736
Interverbum Technology AB,556570-4920
Intly AB,559253-8820
Ironstone AB,559059-1144
Isolve AB,556793-0598
It-Gen Aktiebolag,559266-7686
Itancan Consulting AB,556767-5052
Itegamax AB,559196-9455
Itka AB,556660-6595
Itmaskinen Consulting AB,556721-8358
Itologerna AB,556833-5789
Itoptmize Information Technology Services Sverige AB,559197-5668
Jobbland AB,559430-3264
Just Development Sweden AB,559056-2772
K&M Ventures AB,559068-2760
Kdc Sweden AB,556983-5720
Kobolde & Partners AB,556571-1404
Kokai Consulting Sweden AB,559333-0086
Krobier AB,559296-4745
LK Medical AB,556905-5709
Lab One AB,559435-0190
Lectogo AB,559156-1484
Leneo AB,559374-4161
Likeligood AB,559148-9413
Linserv Aktiebolag,556625-9346
Livewrapped AB,559101-1969
Lvls Group AB,556414-1157
LÃ¤rbyrÃ¥n Digicy AB,556965-0186
Marvell Technology Sweden AB,556864-1285
Masternaut AB,556571-2766
Merlin & Metis AB,559331-2183
Metzum AB,559255-4132
Mice Bokningsbolaget AB,559210-8665
Midjiwan AB,556847-2053
Milence Sweden AB,559397-1673
Minocta AB,556695-9903
Mobe Transport AB,556867-2660
Mobione Aktiebolag,556613-1198
Montrima AB,559449-7850
Moviro AB,559323-0740
Mum Group AB,559138-1131
Mysafety Group AB,556313-5309
Mysoft AB,556532-8928
NO Ink AB,556838-4118
Nebulr AB,559277-6164
Netip AB,556634-3611
Nobody Bengt Hall AB,556691-8156
Norna AB,559157-0857
Northab AB,556911-3458
Novion Technologies AB,559229-8037
Now Interact Nordic AB,556800-7370
Nshift Solutions AB,556767-1408
Odd Raven Studios AB,559055-8432
Oddsify Holding AB,556905-4090
Perfect It Bex AB,556666-4156
Playground Dev AB,559372-2670
Polar 0x AB,559311-6196
Price Edge Solutions AB,556970-5840
Prime Penguin AB,559062-5264
Provectum System AB,556929-6238
Qbd Sweden AB,556660-0879
Qep Solutions AB,556960-5339
Qestit AB,556677-7214
Raynorex AB,559338-3739
Rebasian Technologies AB,559115-5170
Redbridge Technology AB,556865-8636
Redqube AB,556581-2806
Rektron Aktiebolag,556218-2161
Relatable AB,559036-6257
Relations By Elveberg AB,559010-7487
Rerun Technologies AB,559364-8644
Research Automators Sweden AB,556619-9740
Returbo AB,559185-5738
Rivr Technologies AB,559253-8499
Robert Malmgren Aktiebolag,556522-7633
Robyte Rosendahl Bygg & Teknik i Stockholm AB,556933-3759
Rocketship AB,556977-6767
Saturnus Advokatsystem AB,556236-1989
Scalstrm AB,559104-2477
Scrintal Labs AB,559258-1614
Sdl Tridion AB,556585-4063
Sensebit AB,556735-6588
Service Plus Stockholm AB,559326-3006
Sharpness AB,559359-2222
Shiki AB,556704-2865
Shyping AB,559415-0459
Sigtuna Gruppen Aktiebolag,556307-6446
Sinch Ab (Publ),556882-8908
Skira AB,559057-4900
Skrym AB,559243-8245
Sociallite Me AB,559212-4712
Soda Labs AB,559358-0912
Sofos Card Solutions Aktiebolag,556457-3565
Softarc AB,556600-2100
Sparrowhawk Systems AB,559394-0454
Springflod AB,556922-8157
Steffens Productions AB,559227-9003
Stellar Capacity AB,556964-5913
Stonebeach AB,556664-1840
Stormtac AB,556870-6849
Stretch Beyond AB,559415-5268
Strivr AB,559104-3632
Stroller AB,559106-0909
Studio Sblng AB,559366-2967
SundstrÃ¶m Stockholm AB,556577-4055
SvartskÃ¤gg AB,556908-8569
Svenska DomÃ¤ner Hosting AB,556669-9772
Svipe AB,559226-5689
Sweff Management AB,559012-1579
Swetrack Electronics AB,556942-3352
Talentspectra Sweden AB,559192-5630
Talex AB,556711-5844
Teksystems Gs (Sweden) AB,559211-9738
Teligent Telecom AB,556763-4901
Tendereasy Tms AB,556666-5211
The Ai Framework International AB,559288-1980
Think. Done. AB,559198-0767
Tidyapp Sweden AB,556733-9410
Tidypay Sverige AB,559374-0508
Tradeshift AB,556595-9169
Turbotic AB,559262-0677
TÃ¶rnros Fastigheter AB,559044-0805
Unica Media AB,556961-2624
United Insights AB,559153-2444
Unitedhours AB,559185-9722
Univid AB,559223-0865
Valsea Technology AB,556795-0836
Variant Sverige AB,559433-7999
Videoxlink Europe AB,559161-2071
View.Group Business Solutions Sweden AB,556936-8888
Violet Automation AB,559212-7640
Virki AB,559025-1046
Virtual Days AB,559312-2053
Visuera Integration AB,556212-8958
Vmlapp Sweden AB,559177-9144
Vvenues AB,559318-7031
Warpzone Studios AB,559071-1346
Webbfabriken Web And Security Solutions AB,559274-4816
Wennostra AB,559104-1206